X,CH1,CH2,CH3,Start,Increment,
Sequence,Volt,Volt,Volt,-3.500000e-02,5.000000e-05,
0,3.062500e+02,3.375000e+02,-6.250000e+00,
1,-1.875000e+01,2.875000e+02,3.437500e+02,
2,3.062500e+02,3.187500e+02,3.125000e+02,
3,2.937500e+02,3.000000e+02,3.312500e+02,
4,3.062500e+02,3.187500e+02,3.187500e+02,
5,2.937500e+02,3.000000e+02,3.312500e+02,
6,2.937500e+02,3.187500e+02,3.187500e+02,
7,3.125000e+02,-6.250000e+00,3.312500e+02,
8,2.937500e+02,-6.250000e+00,3.375000e+02,
9,3.125000e+02,3.187500e+02,6.250000e+00,
10,3.125000e+02,3.250000e+02,-6.250000e+00,
11,-1.875000e+01,2.937500e+02,3.312500e+02,
12,2.937500e+02,3.062500e+02,3.125000e+02,
13,3.125000e+02,3.187500e+02,3.312500e+02,
14,2.937500e+02,3.062500e+02,3.187500e+02,
15,3.125000e+02,3.250000e+02,3.375000e+02,
16,2.937500e+02,3.062500e+02,3.375000e+02,
17,3.125000e+02,3.250000e+02,3.187500e+02,
18,2.937500e+02,-6.250000e+00,3.375000e+02,
19,3.125000e+02,3.375000e+02,0.000000e+00,
20,3.125000e+02,3.000000e+02,2.500000e+01,
21,-1.875000e+01,3.312500e+02,-1.250000e+01,
22,-1.875000e+01,3.250000e+02,0.000000e+00,
23,3.125000e+02,3.000000e+02,3.312500e+02,
24,2.937500e+02,3.062500e+02,3.312500e+02,
25,3.125000e+02,3.250000e+02,3.187500e+02,
26,2.937500e+02,3.062500e+02,3.187500e+02,
27,3.125000e+02,3.250000e+02,3.375000e+02,
28,3.187500e+02,-6.250000e+00,3.375000e+02,
29,2.875000e+02,3.375000e+02,-6.250000e+00,
30,3.125000e+02,3.250000e+02,2.500000e+01,
31,-1.875000e+01,2.937500e+02,-6.250000e+00,
32,-2.500000e+01,3.000000e+02,0.000000e+00,
33,3.062500e+02,3.250000e+02,3.312500e+02,
34,2.937500e+02,3.062500e+02,3.125000e+02,
35,3.125000e+02,3.250000e+02,3.312500e+02,
36,2.937500e+02,3.062500e+02,3.312500e+02,
37,3.125000e+02,3.250000e+02,3.187500e+02,
38,2.937500e+02,3.312500e+02,3.375000e+02,
39,3.187500e+02,-6.250000e+00,-6.250000e+00,
40,3.125000e+02,-6.250000e+00,-6.250000e+00,
41,-1.875000e+01,3.375000e+02,3.125000e+01,
42,-2.500000e+01,3.000000e+02,0.000000e+00,
43,3.062500e+02,3.187500e+02,3.250000e+02,
44,2.937500e+02,3.187500e+02,3.125000e+02,
45,3.062500e+02,3.000000e+02,3.312500e+02,
46,2.937500e+02,3.187500e+02,3.312500e+02,
47,3.062500e+02,3.000000e+02,3.187500e+02,
48,2.937500e+02,3.312500e+02,3.312500e+02,
49,3.187500e+02,-6.250000e+00,-6.250000e+00,
50,3.125000e+02,-6.250000e+00,-1.250000e+01,
51,-2.500000e+01,3.375000e+02,3.125000e+01,
52,-6.250000e+00,3.000000e+02,0.000000e+00,
53,-2.500000e+01,3.187500e+02,1.250000e+01,
54,-1.875000e+01,3.187500e+02,-6.250000e+00,
55,3.062500e+02,3.000000e+02,3.250000e+02,
56,2.937500e+02,3.187500e+02,3.125000e+02,
57,3.062500e+02,3.000000e+02,3.312500e+02,
58,2.937500e+02,3.312500e+02,3.312500e+02,
59,3.125000e+02,-6.250000e+00,-6.250000e+00,
60,3.062500e+02,-1.250000e+01,-1.250000e+01,
61,-3.125000e+01,3.375000e+02,3.125000e+01,
62,-6.250000e+00,2.937500e+02,1.250000e+01,
63,-2.500000e+01,3.187500e+02,-6.250000e+00,
64,-2.500000e+01,3.000000e+02,-6.250000e+00,
65,3.062500e+02,3.187500e+02,3.250000e+02,
66,2.875000e+02,3.250000e+02,3.312500e+02,
67,3.125000e+02,2.875000e+02,-6.250000e+00,
68,3.062500e+02,3.187500e+02,1.875000e+01,
69,1.125000e+02,-1.250000e+01,0.000000e+00,
70,9.375000e+01,1.250000e+01,0.000000e+00,
71,-2.500000e+01,-1.250000e+01,1.250000e+01,
72,-2.500000e+01,-1.250000e+01,2.500000e+01,
73,0.000000e+00,3.375000e+02,-1.250000e+01,
74,-2.500000e+01,3.125000e+02,-6.250000e+00,
75,3.000000e+02,2.937500e+02,3.250000e+02,
76,2.875000e+02,3.250000e+02,3.250000e+02,
77,3.125000e+02,2.875000e+02,-1.250000e+01,
78,3.062500e+02,3.187500e+02,1.875000e+01,
79,-1.875000e+01,-6.250000e+00,0.000000e+00,
80,0.000000e+00,6.250000e+00,1.250000e+01,
81,-2.500000e+01,-1.250000e+01,0.000000e+00,
82,-6.250000e+00,-1.250000e+01,-1.250000e+01,
83,-3.125000e+01,3.312500e+02,2.500000e+01,
84,-2.500000e+01,2.937500e+02,1.250000e+01,
85,3.000000e+02,3.125000e+02,-6.250000e+00,
86,2.812500e+02,3.187500e+02,3.250000e+02,
87,3.125000e+02,2.812500e+02,-1.250000e+01,
88,3.062500e+02,3.125000e+02,1.875000e+01,
89,-1.875000e+01,-1.250000e+01,0.000000e+00,
90,0.000000e+00,6.250000e+00,1.250000e+01,
91,-2.500000e+01,-1.250000e+01,0.000000e+00,
92,-6.250000e+00,-1.250000e+01,-1.250000e+01,
93,-3.125000e+01,3.312500e+02,2.500000e+01,
94,-6.250000e+00,2.875000e+02,1.250000e+01,
95,-2.500000e+01,3.125000e+02,-6.250000e+00,
96,-2.500000e+01,2.937500e+02,-6.250000e+00,
97,3.000000e+02,3.125000e+02,3.187500e+02,
98,3.062500e+02,3.187500e+02,3.187500e+02,
99,-2.500000e+01,-1.250000e+01,-1.250000e+01,
100,-6.250000e+00,6.250000e+00,0.000000e+00,
101,-2.500000e+01,-1.250000e+01,1.250000e+01,
102,-6.250000e+00,-1.250000e+01,1.250000e+01,
103,-2.500000e+01,6.250000e+00,-6.250000e+00,
104,-6.250000e+00,-1.250000e+01,-1.250000e+01,
105,-3.125000e+01,3.312500e+02,2.500000e+01,
106,-2.500000e+01,2.937500e+02,-6.250000e+00,
107,3.000000e+02,3.125000e+02,3.187500e+02,
108,3.062500e+02,3.187500e+02,3.187500e+02,
109,-2.500000e+01,-1.250000e+01,-1.250000e+01,
110,-6.250000e+00,6.250000e+00,1.250000e+01,
111,-2.500000e+01,-1.250000e+01,0.000000e+00,
112,-6.250000e+00,-1.250000e+01,1.250000e+01,
113,-2.500000e+01,6.250000e+00,-6.250000e+00,
114,-6.250000e+00,-1.250000e+01,-1.250000e+01,
115,-3.750000e+01,3.250000e+02,2.500000e+01,
116,-2.500000e+01,2.875000e+02,1.250000e+01,
117,2.937500e+02,3.125000e+02,-6.250000e+00,
118,3.062500e+02,3.125000e+02,3.187500e+02,
119,-2.500000e+01,-1.875000e+01,-1.250000e+01,
120,-6.250000e+00,6.250000e+00,0.000000e+00,
121,-2.500000e+01,-1.250000e+01,1.250000e+01,
122,-2.500000e+01,-1.250000e+01,1.250000e+01,
123,-6.250000e+00,6.250000e+00,-6.250000e+00,
124,-6.250000e+00,-1.250000e+01,-1.250000e+01,
125,-3.125000e+01,3.250000e+02,2.500000e+01,
126,-6.250000e+00,3.062500e+02,1.250000e+01,
127,-2.500000e+01,2.875000e+02,-6.250000e+00,
128,-2.500000e+01,3.062500e+02,-1.875000e+01,
129,3.000000e+02,-1.875000e+01,3.187500e+02,
130,-6.250000e+00,-1.250000e+01,0.000000e+00,
131,-2.500000e+01,6.250000e+00,1.250000e+01,
132,-6.250000e+00,-1.250000e+01,0.000000e+00,
133,-2.500000e+01,6.250000e+00,1.250000e+01,
134,-6.250000e+00,-1.250000e+01,1.250000e+01,
135,-2.500000e+01,6.250000e+00,-6.250000e+00,
136,-6.250000e+00,-1.250000e+01,-1.250000e+01,
137,-3.125000e+01,3.187500e+02,3.125000e+01,
138,-2.500000e+01,3.062500e+02,-1.875000e+01,
139,3.000000e+02,-1.875000e+01,3.187500e+02,
140,-2.500000e+01,1.250000e+01,3.187500e+02,
141,0.000000e+00,-2.500000e+01,-1.250000e+01,
142,-2.500000e+01,-1.250000e+01,0.000000e+00,
143,-6.250000e+00,6.250000e+00,1.250000e+01,
144,-2.500000e+01,-1.250000e+01,0.000000e+00,
145,-6.250000e+00,6.250000e+00,1.250000e+01,
146,-6.250000e+00,-1.250000e+01,-1.250000e+01,
147,-3.750000e+01,3.187500e+02,3.125000e+01,
148,-2.500000e+01,3.062500e+02,-1.875000e+01,
149,3.375000e+02,-2.500000e+01,3.187500e+02,
150,2.937500e+02,1.250000e+01,3.187500e+02,
151,-2.500000e+01,-3.125000e+01,-1.250000e+01,
152,-6.250000e+00,-1.250000e+01,1.250000e+01,
153,-2.500000e+01,6.250000e+00,0.000000e+00,
154,-6.250000e+00,-1.250000e+01,1.250000e+01,
155,-2.500000e+01,6.250000e+00,0.000000e+00,
156,-6.250000e+00,-1.250000e+01,-1.250000e+01,
157,-3.125000e+01,3.187500e+02,3.125000e+01,
158,-2.500000e+01,3.062500e+02,1.250000e+01,
159,-6.250000e+00,-1.250000e+01,0.000000e+00,
160,-2.500000e+01,-2.500000e+01,-1.875000e+01,
161,3.500000e+02,1.875000e+01,3.187500e+02,
162,-6.250000e+00,6.250000e+00,3.250000e+02,
163,-2.500000e+01,-3.125000e+01,-6.250000e+00,
164,-6.250000e+00,-1.250000e+01,1.875000e+01,
165,-2.500000e+01,6.250000e+00,0.000000e+00,
166,-2.500000e+01,-1.250000e+01,1.250000e+01,
167,-6.250000e+00,3.062500e+02,0.000000e+00,
168,-6.250000e+00,3.062500e+02,0.000000e+00,
169,-2.500000e+01,-1.250000e+01,1.250000e+01,
170,-2.500000e+01,-2.500000e+01,-1.250000e+01,
171,3.562500e+02,1.875000e+01,3.187500e+02,
172,0.000000e+00,-1.250000e+01,3.250000e+02,
173,-2.500000e+01,6.250000e+00,6.250000e+00,
174,-2.500000e+01,-1.250000e+01,1.875000e+01,
175,-6.250000e+00,6.250000e+00,0.000000e+00,
176,-6.250000e+00,-1.250000e+01,1.250000e+01,
177,-2.500000e+01,6.250000e+00,0.000000e+00,
178,-2.500000e+01,3.062500e+02,-2.500000e+01,
179,0.000000e+00,-2.500000e+01,1.875000e+01,
180,-2.500000e+01,-2.500000e+01,-1.250000e+01,
181,3.562500e+02,1.875000e+01,3.187500e+02,
182,3.000000e+02,-1.250000e+01,3.000000e+02,
183,-2.500000e+01,6.250000e+00,3.250000e+02,
184,-6.250000e+00,-1.250000e+01,3.250000e+02,
185,-2.500000e+01,6.250000e+00,6.250000e+00,
186,-6.250000e+00,-1.250000e+01,1.875000e+01,
187,-2.500000e+01,6.250000e+00,0.000000e+00,
188,-6.250000e+00,-1.250000e+01,1.250000e+01,
189,-2.500000e+01,3.062500e+02,0.000000e+00,
190,-2.500000e+01,3.062500e+02,-1.875000e+01,
191,0.000000e+00,-2.500000e+01,1.875000e+01,
192,-2.500000e+01,-2.500000e+01,-1.875000e+01,
193,3.500000e+02,1.875000e+01,3.250000e+02,
194,3.000000e+02,-1.250000e+01,3.125000e+02,
195,-2.500000e+01,6.250000e+00,3.250000e+02,
196,-6.250000e+00,-1.250000e+01,3.312500e+02,
197,-2.500000e+01,6.250000e+00,6.250000e+00,
198,-6.250000e+00,-1.250000e+01,1.875000e+01,
199,-2.500000e+01,3.125000e+02,0.000000e+00,
200,-2.500000e+01,3.125000e+02,-1.875000e+01,
201,0.000000e+00,-2.500000e+01,1.875000e+01,
202,-2.500000e+01,-2.500000e+01,-1.250000e+01,
203,3.375000e+02,2.500000e+01,3.437500e+02,
204,3.062500e+02,-1.250000e+01,3.125000e+02,
205,-2.500000e+01,6.250000e+00,3.312500e+02,
206,0.000000e+00,-1.250000e+01,3.312500e+02,
207,-2.500000e+01,6.250000e+00,3.187500e+02,
208,-6.250000e+00,-1.250000e+01,3.312500e+02,
209,-2.500000e+01,6.250000e+00,6.250000e+00,
210,-2.500000e+01,3.125000e+02,1.875000e+01,
211,0.000000e+00,-2.500000e+01,-1.250000e+01,
212,-2.500000e+01,-2.500000e+01,-1.875000e+01,
213,3.062500e+02,2.500000e+01,3.500000e+02,
214,3.062500e+02,-1.250000e+01,3.125000e+02,
215,2.875000e+02,6.250000e+00,3.312500e+02,
216,3.062500e+02,-1.250000e+01,3.187500e+02,
217,-1.875000e+01,6.250000e+00,3.375000e+02,
218,0.000000e+00,-1.250000e+01,3.375000e+02,
219,-2.500000e+01,6.250000e+00,6.250000e+00,
220,-6.250000e+00,-1.250000e+01,1.875000e+01,
221,-2.500000e+01,3.125000e+02,0.000000e+00,
222,-2.500000e+01,3.187500e+02,1.875000e+01,
223,0.000000e+00,-1.875000e+01,-1.875000e+01,
224,-2.500000e+01,-2.500000e+01,-1.875000e+01,
225,3.062500e+02,2.500000e+01,3.437500e+02,
226,3.062500e+02,-1.250000e+01,3.312500e+02,
227,2.937500e+02,6.250000e+00,3.187500e+02,
228,3.062500e+02,-1.250000e+01,3.187500e+02,
229,-1.875000e+01,6.250000e+00,3.375000e+02,
230,0.000000e+00,-1.250000e+01,3.375000e+02,
231,-2.500000e+01,3.125000e+02,6.250000e+00,
232,-6.250000e+00,2.937500e+02,1.875000e+01,
233,-2.500000e+01,3.187500e+02,0.000000e+00,
234,-2.500000e+01,3.187500e+02,-1.875000e+01,
235,3.062500e+02,-1.875000e+01,3.437500e+02,
236,3.062500e+02,6.250000e+00,3.125000e+02,
237,2.875000e+02,-1.250000e+01,3.312500e+02,
238,3.062500e+02,-1.250000e+01,3.187500e+02,
239,-1.875000e+01,6.250000e+00,3.312500e+02,
240,0.000000e+00,-1.250000e+01,3.375000e+02,
241,-1.875000e+01,6.250000e+00,6.250000e+00,
242,-6.250000e+00,-1.250000e+01,6.250000e+00,
243,-2.500000e+01,3.125000e+02,2.500000e+01,
244,-2.500000e+01,3.375000e+02,0.000000e+00,
245,3.062500e+02,-1.875000e+01,3.437500e+02,
246,3.062500e+02,1.250000e+01,3.125000e+02,
247,2.875000e+02,-1.250000e+01,3.312500e+02,
248,2.937500e+02,6.250000e+00,3.187500e+02,
249,3.062500e+02,-1.250000e+01,3.312500e+02,
250,3.062500e+02,-1.250000e+01,3.187500e+02,
251,-1.875000e+01,6.250000e+00,3.312500e+02,
252,0.000000e+00,-1.250000e+01,3.312500e+02,
253,-2.500000e+01,3.125000e+02,6.250000e+00,
254,-2.500000e+01,2.937500e+02,1.875000e+01,
255,3.062500e+02,3.187500e+02,6.250000e+00,
256,2.750000e+02,3.312500e+02,0.000000e+00,
257,3.125000e+02,-1.875000e+01,3.437500e+02,
258,3.062500e+02,1.250000e+01,3.187500e+02,
259,2.875000e+02,-1.250000e+01,3.312500e+02,
260,3.062500e+02,6.250000e+00,3.187500e+02,
261,1.937500e+02,-1.250000e+01,3.312500e+02,
262,8.125000e+01,-1.250000e+01,3.187500e+02,
263,-1.875000e+01,3.125000e+02,3.312500e+02,
264,0.000000e+00,2.937500e+02,3.312500e+02,
265,-2.500000e+01,3.125000e+02,6.250000e+00,
266,-2.500000e+01,2.875000e+02,6.250000e+00,
267,3.062500e+02,3.312500e+02,3.437500e+02,
268,2.875000e+02,3.187500e+02,3.375000e+02,
269,3.125000e+02,-1.875000e+01,3.000000e+02,
270,3.062500e+02,6.250000e+00,3.312500e+02,
271,2.875000e+02,-1.250000e+01,3.187500e+02,
272,3.062500e+02,6.250000e+00,3.187500e+02,
273,-1.875000e+01,-1.250000e+01,3.312500e+02,
274,0.000000e+00,-1.250000e+01,3.312500e+02,
275,-2.500000e+01,3.125000e+02,6.250000e+00,
276,-1.875000e+01,3.312500e+02,6.250000e+00,
277,3.000000e+02,2.875000e+02,3.437500e+02,
278,2.875000e+02,3.187500e+02,3.000000e+02,
279,3.125000e+02,-1.875000e+01,3.375000e+02,
280,3.062500e+02,1.250000e+01,3.187500e+02,
281,2.875000e+02,-1.250000e+01,3.312500e+02,
282,3.062500e+02,6.250000e+00,3.312500e+02,
283,2.875000e+02,-1.250000e+01,3.187500e+02,
284,3.062500e+02,-1.250000e+01,3.187500e+02,
285,-1.875000e+01,3.125000e+02,3.312500e+02,
286,-1.875000e+01,3.125000e+02,3.312500e+02,
287,3.000000e+02,2.937500e+02,6.250000e+00,
288,2.750000e+02,2.875000e+02,6.250000e+00,
289,3.062500e+02,3.312500e+02,3.437500e+02,
290,2.875000e+02,3.187500e+02,3.062500e+02,
291,3.125000e+02,-1.875000e+01,3.375000e+02,
292,3.062500e+02,-6.250000e+00,3.187500e+02,
293,2.875000e+02,1.250000e+01,3.312500e+02,
294,2.875000e+02,-1.250000e+01,3.312500e+02,
295,3.062500e+02,3.125000e+02,3.125000e+02,
296,3.062500e+02,3.125000e+02,3.312500e+02,
297,-1.875000e+01,2.875000e+02,6.250000e+00,
298,-1.875000e+01,2.875000e+02,6.250000e+00,
299,3.062500e+02,3.312500e+02,3.437500e+02,
300,2.875000e+02,3.125000e+02,3.125000e+02,
301,3.062500e+02,2.937500e+02,3.312500e+02,
302,2.875000e+02,3.187500e+02,3.000000e+02,
303,3.125000e+02,-1.875000e+01,3.375000e+02,
304,2.875000e+02,-6.250000e+00,3.312500e+02,
305,3.062500e+02,3.125000e+02,3.125000e+02,
306,3.062500e+02,2.875000e+02,3.375000e+02,
307,-1.875000e+01,3.187500e+02,3.062500e+02,
308,-1.875000e+01,2.875000e+02,6.250000e+00,
309,3.062500e+02,3.312500e+02,3.437500e+02,
310,2.875000e+02,3.125000e+02,3.250000e+02,
311,3.062500e+02,2.937500e+02,3.125000e+02,
312,2.875000e+02,3.125000e+02,3.000000e+02,
313,3.062500e+02,-1.875000e+01,3.375000e+02,
314,2.875000e+02,-6.250000e+00,3.125000e+02,
315,3.062500e+02,1.250000e+01,3.312500e+02,
316,2.875000e+02,-6.250000e+00,3.312500e+02,
317,3.062500e+02,3.125000e+02,3.125000e+02,
318,3.062500e+02,3.187500e+02,3.375000e+02,
319,-1.875000e+01,2.875000e+02,6.250000e+00,
320,2.687500e+02,2.875000e+02,6.250000e+00,
321,3.062500e+02,3.312500e+02,3.437500e+02,
322,2.875000e+02,3.125000e+02,3.125000e+02,
323,3.062500e+02,2.937500e+02,3.312500e+02,
324,2.875000e+02,3.125000e+02,3.000000e+02,
325,3.062500e+02,-1.875000e+01,3.375000e+02,
326,2.875000e+02,-6.250000e+00,3.125000e+02,
327,3.062500e+02,3.125000e+02,3.312500e+02,
328,3.062500e+02,2.937500e+02,3.312500e+02,
329,-1.875000e+01,3.187500e+02,0.000000e+00,
330,-1.875000e+01,2.875000e+02,6.250000e+00,
331,3.062500e+02,3.312500e+02,3.437500e+02,
332,2.875000e+02,3.125000e+02,3.125000e+02,
333,3.062500e+02,2.937500e+02,3.250000e+02,
334,2.875000e+02,3.125000e+02,3.250000e+02,
335,3.062500e+02,2.937500e+02,3.125000e+02,
336,2.875000e+02,3.125000e+02,3.000000e+02,
337,3.062500e+02,-1.875000e+01,3.375000e+02,
338,2.875000e+02,3.125000e+02,3.312500e+02,
339,3.062500e+02,2.937500e+02,6.250000e+00,
340,3.062500e+02,2.875000e+02,0.000000e+00,
341,-1.875000e+01,3.312500e+02,3.375000e+02,
342,3.000000e+02,3.125000e+02,3.125000e+02,
343,2.875000e+02,2.937500e+02,3.250000e+02,
344,2.875000e+02,3.125000e+02,3.250000e+02,
345,3.062500e+02,2.937500e+02,3.125000e+02,
346,2.875000e+02,3.125000e+02,3.000000e+02,
347,3.062500e+02,-1.875000e+01,3.375000e+02,
348,2.875000e+02,-6.250000e+00,3.312500e+02,
349,3.062500e+02,3.125000e+02,6.250000e+00,
350,3.062500e+02,2.875000e+02,0.000000e+00,
351,-1.875000e+01,3.375000e+02,3.375000e+02,
352,3.000000e+02,3.125000e+02,3.062500e+02,
353,2.875000e+02,2.937500e+02,3.250000e+02,
354,2.875000e+02,2.937500e+02,3.125000e+02,
355,3.062500e+02,3.125000e+02,3.250000e+02,
356,2.875000e+02,3.125000e+02,3.125000e+02,
357,3.062500e+02,2.937500e+02,3.312500e+02,
358,2.875000e+02,3.125000e+02,3.312500e+02,
359,3.062500e+02,-6.250000e+00,6.250000e+00,
360,3.062500e+02,2.937500e+02,2.500000e+01,
361,-1.875000e+01,3.187500e+02,-6.250000e+00,
362,1.500000e+02,3.125000e+02,0.000000e+00,
363,3.062500e+02,2.937500e+02,3.250000e+02,
364,2.875000e+02,3.125000e+02,3.125000e+02,
365,3.062500e+02,2.937500e+02,3.250000e+02,
366,2.875000e+02,3.125000e+02,3.125000e+02,
367,3.000000e+02,2.937500e+02,3.250000e+02,
368,3.062500e+02,-6.250000e+00,3.250000e+02,
369,2.812500e+02,3.312500e+02,0.000000e+00,
370,3.062500e+02,3.187500e+02,1.875000e+01,
371,-1.875000e+01,2.875000e+02,-6.250000e+00,
372,-1.875000e+01,3.125000e+02,0.000000e+00,
373,3.000000e+02,2.937500e+02,3.187500e+02,
374,3.000000e+02,3.125000e+02,3.062500e+02,
375,2.875000e+02,2.937500e+02,3.250000e+02,
376,2.875000e+02,3.125000e+02,3.250000e+02,
377,3.062500e+02,2.937500e+02,3.125000e+02,
378,2.875000e+02,3.187500e+02,3.250000e+02,
379,3.125000e+02,-6.250000e+00,-6.250000e+00,
380,3.062500e+02,-6.250000e+00,3.750000e+01,
381,-1.875000e+01,3.312500e+02,-6.250000e+00,
382,-1.875000e+01,2.937500e+02,0.000000e+00,
383,3.000000e+02,3.125000e+02,3.187500e+02,
384,3.000000e+02,3.125000e+02,3.062500e+02,
385,2.812500e+02,2.937500e+02,3.250000e+02,
386,2.875000e+02,3.125000e+02,3.250000e+02,
387,3.000000e+02,2.937500e+02,3.125000e+02,
388,3.062500e+02,3.187500e+02,3.312500e+02,
389,2.812500e+02,-6.250000e+00,-1.250000e+01,
390,3.062500e+02,-6.250000e+00,3.125000e+01,
391,-1.875000e+01,3.312500e+02,-1.250000e+01,
392,-2.500000e+01,3.125000e+02,0.000000e+00,
393,3.000000e+02,2.937500e+02,1.250000e+01,
394,2.875000e+02,2.937500e+02,0.000000e+00,
395,3.062500e+02,3.125000e+02,3.250000e+02,
396,2.875000e+02,2.937500e+02,3.125000e+02,
397,3.062500e+02,3.187500e+02,3.250000e+02,
398,2.875000e+02,3.250000e+02,3.312500e+02,
399,3.125000e+02,2.875000e+02,-1.250000e+01,
400,3.062500e+02,-6.250000e+00,-1.250000e+01,
401,-2.500000e+01,3.312500e+02,3.125000e+01,
402,0.000000e+00,2.937500e+02,1.250000e+01,
403,-2.500000e+01,3.125000e+02,-6.250000e+00,
404,-2.500000e+01,3.187500e+02,0.000000e+00,
405,3.062500e+02,2.937500e+02,3.250000e+02,
406,2.875000e+02,3.187500e+02,3.125000e+02,
407,3.062500e+02,3.000000e+02,3.312500e+02,
408,3.125000e+02,3.250000e+02,3.312500e+02,
409,2.875000e+02,2.875000e+02,-1.250000e+01,
410,3.062500e+02,3.187500e+02,1.250000e+01,
411,-1.875000e+01,-6.250000e+00,0.000000e+00,
412,-2.500000e+01,-1.250000e+01,-1.250000e+01,
413,0.000000e+00,3.312500e+02,3.125000e+01,
414,-2.500000e+01,3.000000e+02,-6.250000e+00,
415,3.062500e+02,3.187500e+02,3.250000e+02,
416,3.062500e+02,3.187500e+02,3.062500e+02,
417,2.875000e+02,3.000000e+02,3.312500e+02,
418,3.125000e+02,3.250000e+02,3.312500e+02,
419,2.875000e+02,-6.250000e+00,-1.250000e+01,
420,3.062500e+02,-6.250000e+00,1.250000e+01,
421,-1.875000e+01,1.250000e+01,0.000000e+00,
422,-3.125000e+01,-1.250000e+01,-1.250000e+01,
423,0.000000e+00,3.312500e+02,2.500000e+01,
424,-2.500000e+01,2.937500e+02,1.250000e+01,
425,3.062500e+02,3.187500e+02,-6.250000e+00,
426,2.875000e+02,3.000000e+02,0.000000e+00,
427,3.062500e+02,3.187500e+02,3.250000e+02,
428,2.875000e+02,3.250000e+02,3.312500e+02,
429,3.187500e+02,-6.250000e+00,-1.250000e+01,
430,3.062500e+02,1.250000e+01,1.250000e+01,
431,-2.500000e+01,-1.250000e+01,0.000000e+00,
432,-6.250000e+00,-1.250000e+01,-1.250000e+01,
433,-3.125000e+01,3.312500e+02,2.500000e+01,
434,-2.500000e+01,3.125000e+02,-6.250000e+00,
435,-6.250000e+00,2.937500e+02,1.250000e+01,
436,-2.500000e+01,3.125000e+02,-6.250000e+00,
437,3.062500e+02,2.937500e+02,3.250000e+02,
438,3.125000e+02,3.250000e+02,3.250000e+02,
439,-1.875000e+01,-1.250000e+01,-1.250000e+01,
440,0.000000e+00,1.250000e+01,1.250000e+01,
441,-2.500000e+01,-1.250000e+01,-6.250000e+00,
442,-6.250000e+00,6.250000e+00,1.250000e+01,
443,-2.500000e+01,-1.250000e+01,-6.250000e+00,
444,-6.250000e+00,-1.250000e+01,-1.250000e+01,
445,-3.125000e+01,3.312500e+02,2.500000e+01,
446,-2.500000e+01,3.125000e+02,-6.250000e+00,
447,3.000000e+02,2.937500e+02,3.187500e+02,
448,3.062500e+02,3.187500e+02,3.250000e+02,
449,-1.875000e+01,-1.250000e+01,-1.250000e+01,
450,0.000000e+00,1.250000e+01,1.250000e+01,
451,-2.500000e+01,-1.250000e+01,0.000000e+00,
452,-6.250000e+00,6.250000e+00,1.250000e+01,
453,-2.500000e+01,-1.250000e+01,-6.250000e+00,
454,-3.750000e+01,-1.250000e+01,-1.250000e+01,
455,0.000000e+00,3.312500e+02,2.500000e+01,
456,-2.500000e+01,2.937500e+02,-6.250000e+00,
457,3.000000e+02,3.125000e+02,3.187500e+02,
458,3.062500e+02,3.187500e+02,3.187500e+02,
459,-1.875000e+01,-1.250000e+01,-1.250000e+01,
460,0.000000e+00,6.250000e+00,1.250000e+01,
461,-2.500000e+01,-1.250000e+01,0.000000e+00,
462,-2.500000e+01,-1.250000e+01,1.250000e+01,
463,-6.250000e+00,6.250000e+00,-6.250000e+00,
464,-6.250000e+00,-1.250000e+01,-1.250000e+01,
465,-3.125000e+01,3.312500e+02,2.500000e+01,
466,-2.500000e+01,2.875000e+02,1.250000e+01,
467,-6.250000e+00,3.125000e+02,-6.250000e+00,
468,-2.500000e+01,3.125000e+02,3.187500e+02,
469,3.062500e+02,-1.875000e+01,-1.250000e+01,
470,0.000000e+00,6.250000e+00,0.000000e+00,
471,-2.500000e+01,-1.250000e+01,1.250000e+01,
472,-6.250000e+00,-1.250000e+01,1.250000e+01,
473,-2.500000e+01,6.250000e+00,-6.250000e+00,
474,-2.500000e+01,6.250000e+00,1.250000e+01,
475,-6.250000e+00,-1.250000e+01,-6.250000e+00,
476,-6.250000e+00,-1.250000e+01,-1.250000e+01,
477,-3.125000e+01,3.250000e+02,2.500000e+01,
478,-2.500000e+01,3.062500e+02,-1.875000e+01,
479,3.000000e+02,-1.875000e+01,3.187500e+02,
480,-2.500000e+01,1.250000e+01,3.187500e+02,
481,0.000000e+00,-1.875000e+01,-1.250000e+01,
482,-6.250000e+00,-1.250000e+01,1.250000e+01,
483,-2.500000e+01,6.250000e+00,0.000000e+00,
484,-6.250000e+00,-1.250000e+01,1.250000e+01,
485,-2.500000e+01,6.250000e+00,-6.250000e+00,
486,-6.250000e+00,-1.250000e+01,-1.250000e+01,
487,-3.125000e+01,3.250000e+02,3.125000e+01,
488,-2.500000e+01,3.062500e+02,-1.875000e+01,
489,3.000000e+02,-2.500000e+01,3.187500e+02,
490,3.000000e+02,1.250000e+01,3.187500e+02,
491,-2.500000e+01,-2.500000e+01,-1.250000e+01,
492,-6.250000e+00,-1.250000e+01,0.000000e+00,
493,-2.500000e+01,6.250000e+00,1.250000e+01,
494,-2.500000e+01,-1.250000e+01,1.250000e+01,
495,-6.250000e+00,6.250000e+00,0.000000e+00,
496,-6.250000e+00,-1.250000e+01,-1.250000e+01,
497,-3.125000e+01,3.250000e+02,3.125000e+01,
498,-2.500000e+01,3.062500e+02,1.250000e+01,
499,-6.250000e+00,-1.250000e+01,-6.250000e+00,
500,-2.500000e+01,-2.500000e+01,-1.875000e+01,
501,3.375000e+02,1.875000e+01,3.187500e+02,
502,-2.500000e+01,6.250000e+00,3.187500e+02,
503,0.000000e+00,-2.500000e+01,-1.250000e+01,
504,-6.250000e+00,-1.250000e+01,1.250000e+01,
505,-2.500000e+01,6.250000e+00,-6.250000e+00,
506,-6.250000e+00,-1.250000e+01,-1.250000e+01,
507,-3.125000e+01,3.187500e+02,3.125000e+01,
508,-6.250000e+00,3.062500e+02,0.000000e+00,
509,-2.500000e+01,-1.250000e+01,1.250000e+01,
510,-2.500000e+01,-2.500000e+01,-1.875000e+01,
511,3.562500e+02,1.875000e+01,3.187500e+02,
512,-2.500000e+01,-3.125000e+01,3.250000e+02,
513,0.000000e+00,1.250000e+01,-6.250000e+00,
514,-6.250000e+00,-1.250000e+01,1.875000e+01,
515,-2.500000e+01,6.250000e+00,0.000000e+00,
516,-6.250000e+00,-1.250000e+01,0.000000e+00,
517,-2.500000e+01,6.250000e+00,1.250000e+01,
518,-6.250000e+00,-1.250000e+01,1.250000e+01,
519,-2.500000e+01,3.062500e+02,0.000000e+00,
520,-2.500000e+01,-2.500000e+01,-1.250000e+01,
521,3.562500e+02,1.875000e+01,3.187500e+02,
522,3.000000e+02,-1.250000e+01,3.062500e+02,
523,-2.500000e+01,6.250000e+00,3.250000e+02,
524,-6.250000e+00,-1.250000e+01,3.250000e+02,
525,-2.500000e+01,6.250000e+00,6.250000e+00,
526,-6.250000e+00,-1.250000e+01,1.250000e+01,
527,-2.500000e+01,6.250000e+00,0.000000e+00,
528,-2.500000e+01,3.062500e+02,-1.875000e+01,
529,0.000000e+00,-2.500000e+01,2.500000e+01,
530,-2.500000e+01,6.250000e+00,1.250000e+01,
531,-6.250000e+00,-1.250000e+01,0.000000e+00,
532,-2.500000e+01,-2.500000e+01,-1.250000e+01,
533,3.562500e+02,1.875000e+01,3.250000e+02,
534,-2.500000e+01,-1.250000e+01,3.250000e+02,
535,0.000000e+00,6.250000e+00,6.250000e+00,
536,-6.250000e+00,-1.250000e+01,1.875000e+01,
537,-2.500000e+01,6.250000e+00,0.000000e+00,
538,-6.250000e+00,-1.250000e+01,1.250000e+01,
539,-2.500000e+01,3.062500e+02,0.000000e+00,
540,-6.250000e+00,3.062500e+02,1.875000e+01,
541,-2.500000e+01,-2.500000e+01,-1.875000e+01,
542,-2.500000e+01,-2.500000e+01,-1.250000e+01,
543,3.500000e+02,1.875000e+01,3.250000e+02,
544,3.000000e+02,-1.250000e+01,3.062500e+02,
545,-2.500000e+01,6.250000e+00,3.250000e+02,
546,-6.250000e+00,-1.250000e+01,3.250000e+02,
547,-2.500000e+01,6.250000e+00,6.250000e+00,
548,-6.250000e+00,-1.250000e+01,1.875000e+01,
549,-2.500000e+01,6.250000e+00,0.000000e+00,
550,-2.500000e+01,3.062500e+02,-1.250000e+01,
551,0.000000e+00,-2.500000e+01,1.875000e+01,
552,-2.500000e+01,-2.500000e+01,-1.250000e+01,
553,3.312500e+02,2.500000e+01,3.375000e+02,
554,3.000000e+02,-1.250000e+01,3.062500e+02,
555,-1.875000e+01,6.250000e+00,3.250000e+02,
556,0.000000e+00,-1.250000e+01,3.125000e+02,
557,-2.500000e+01,6.250000e+00,3.250000e+02,
558,-6.250000e+00,-1.250000e+01,3.250000e+02,
559,-2.500000e+01,6.250000e+00,6.250000e+00,
560,-6.250000e+00,-1.250000e+01,1.875000e+01,
561,-2.500000e+01,3.062500e+02,0.000000e+00,
562,-2.500000e+01,3.062500e+02,-1.875000e+01,
563,3.000000e+02,-2.500000e+01,3.125000e+01,
564,2.687500e+02,2.500000e+01,0.000000e+00,
565,3.000000e+02,-2.500000e+01,3.375000e+02,
566,3.000000e+02,-1.250000e+01,3.125000e+02,
567,-1.875000e+01,6.250000e+00,3.250000e+02,
568,-1.875000e+01,-1.250000e+01,3.250000e+02,
569,0.000000e+00,6.250000e+00,6.250000e+00,
570,-2.500000e+01,-1.250000e+01,1.875000e+01,
571,0.000000e+00,3.062500e+02,0.000000e+00,
572,-2.500000e+01,3.125000e+02,-1.875000e+01,
573,0.000000e+00,-2.500000e+01,1.875000e+01,
574,-2.500000e+01,-1.875000e+01,-1.250000e+01,
575,3.000000e+02,2.500000e+01,3.375000e+02,
576,3.000000e+02,-1.250000e+01,3.062500e+02,
577,2.812500e+02,6.250000e+00,3.250000e+02,
578,3.000000e+02,6.250000e+00,3.250000e+02,
579,-1.875000e+01,-1.250000e+01,3.125000e+02,
580,0.000000e+00,-1.250000e+01,3.250000e+02,
581,-2.500000e+01,6.250000e+00,6.250000e+00,
582,-6.250000e+00,-1.250000e+01,1.875000e+01,
583,-2.500000e+01,3.062500e+02,0.000000e+00,
584,-2.500000e+01,3.062500e+02,-1.875000e+01,
585,3.000000e+02,-2.500000e+01,3.375000e+02,
586,3.000000e+02,6.250000e+00,3.062500e+02,
587,2.812500e+02,-1.250000e+01,3.250000e+02,
588,3.000000e+02,-1.250000e+01,3.125000e+02,
589,2.812500e+02,6.250000e+00,3.250000e+02,
590,3.000000e+02,-1.250000e+01,3.125000e+02,
591,-1.875000e+01,6.250000e+00,3.312500e+02,
592,0.000000e+00,-1.250000e+01,3.250000e+02,
593,-2.500000e+01,3.062500e+02,6.250000e+00,
594,-2.500000e+01,2.875000e+02,1.875000e+01,
595,3.000000e+02,3.125000e+02,0.000000e+00,
596,3.000000e+02,3.312500e+02,0.000000e+00,
597,2.750000e+02,-2.500000e+01,3.375000e+02,
598,2.875000e+02,6.250000e+00,3.125000e+02,
599,3.000000e+02,-1.250000e+01,3.312500e+02,
600,3.062500e+02,6.250000e+00,3.312500e+02,
601,-1.875000e+01,-1.250000e+01,3.125000e+02,
602,0.000000e+00,-1.250000e+01,3.312500e+02,
603,-2.500000e+01,3.125000e+02,6.250000e+00,
604,-6.250000e+00,2.937500e+02,2.500000e+01,
605,-2.500000e+01,3.125000e+02,6.250000e+00,
606,-2.500000e+01,3.312500e+02,0.000000e+00,
607,3.062500e+02,-1.875000e+01,3.437500e+02,
608,3.062500e+02,1.250000e+01,3.125000e+02,
609,2.875000e+02,-1.250000e+01,3.312500e+02,
610,3.062500e+02,6.250000e+00,3.312500e+02,
611,2.937500e+02,-1.250000e+01,3.187500e+02,
612,3.125000e+02,-1.250000e+01,3.312500e+02,
613,-1.875000e+01,3.125000e+02,3.187500e+02,
614,0.000000e+00,2.937500e+02,3.375000e+02,
615,-2.500000e+01,3.187500e+02,6.250000e+00,
616,-2.500000e+01,3.375000e+02,0.000000e+00,
617,3.062500e+02,2.875000e+02,3.500000e+02,
618,2.937500e+02,3.187500e+02,3.062500e+02,
619,3.125000e+02,-1.875000e+01,3.375000e+02,
620,3.062500e+02,1.250000e+01,3.187500e+02,
621,2.937500e+02,-1.250000e+01,3.375000e+02,
622,3.125000e+02,6.250000e+00,3.187500e+02,
623,-1.875000e+01,-1.250000e+01,3.375000e+02,
624,-1.875000e+01,-1.250000e+01,3.187500e+02,
625,0.000000e+00,3.125000e+02,3.375000e+02,
626,-2.500000e+01,3.000000e+02,3.312500e+02,
627,3.062500e+02,3.187500e+02,6.250000e+00,
628,2.750000e+02,2.937500e+02,6.250000e+00,
629,3.125000e+02,3.312500e+02,3.437500e+02,
630,3.187500e+02,1.375000e+02,3.375000e+02,
631,2.937500e+02,-1.875000e+01,3.000000e+02,
632,3.062500e+02,6.250000e+00,3.312500e+02,
633,2.937500e+02,-1.250000e+01,3.187500e+02,
634,3.062500e+02,-1.250000e+01,3.312500e+02,
635,-1.875000e+01,3.125000e+02,3.187500e+02,
636,-1.875000e+01,2.937500e+02,3.312500e+02,
637,0.000000e+00,3.125000e+02,6.250000e+00,
638,-1.875000e+01,3.312500e+02,6.250000e+00,
639,3.062500e+02,2.875000e+02,3.500000e+02,
640,3.125000e+02,3.187500e+02,3.375000e+02,
641,2.875000e+02,-1.875000e+01,3.000000e+02,
642,3.062500e+02,1.250000e+01,3.312500e+02,
643,2.937500e+02,-1.250000e+01,3.187500e+02,
644,2.937500e+02,-1.250000e+01,3.312500e+02,
645,3.062500e+02,3.187500e+02,3.187500e+02,
646,3.062500e+02,2.937500e+02,3.375000e+02,
647,-1.875000e+01,3.187500e+02,3.125000e+02,
648,-1.875000e+01,3.312500e+02,6.250000e+00,
649,3.062500e+02,2.875000e+02,3.437500e+02,
650,3.062500e+02,3.187500e+02,3.125000e+02,
651,2.875000e+02,3.000000e+02,3.312500e+02,
652,3.187500e+02,3.187500e+02,3.375000e+02,
653,2.875000e+02,-1.875000e+01,3.062500e+02,
654,3.062500e+02,1.250000e+01,3.312500e+02,
655,2.937500e+02,-1.250000e+01,3.187500e+02,
656,3.062500e+02,-1.250000e+01,3.312500e+02,
657,2.875000e+02,3.187500e+02,3.187500e+02,
658,3.062500e+02,2.875000e+02,6.250000e+00,
659,-1.875000e+01,3.312500e+02,3.437500e+02,
660,2.875000e+02,3.000000e+02,3.125000e+02,
661,3.062500e+02,3.187500e+02,3.312500e+02,
662,3.062500e+02,3.000000e+02,3.312500e+02,
663,2.875000e+02,3.187500e+02,3.187500e+02,
664,3.187500e+02,3.187500e+02,3.375000e+02,
665,2.875000e+02,-1.875000e+01,3.062500e+02,
666,3.062500e+02,-6.250000e+00,3.312500e+02,
667,2.937500e+02,3.125000e+02,3.187500e+02,
668,3.062500e+02,2.937500e+02,3.437500e+02,
669,-1.875000e+01,3.250000e+02,6.250000e+00,
670,2.750000e+02,2.875000e+02,6.250000e+00,
671,3.125000e+02,3.375000e+02,3.437500e+02,
672,3.062500e+02,3.000000e+02,3.187500e+02,
673,2.875000e+02,3.187500e+02,3.312500e+02,
674,2.875000e+02,3.187500e+02,3.000000e+02,
675,3.187500e+02,-1.875000e+01,3.375000e+02,
676,3.062500e+02,-6.250000e+00,3.187500e+02,
677,2.875000e+02,3.187500e+02,3.312500e+02,
678,3.062500e+02,3.125000e+02,3.312500e+02,
679,2.937500e+02,2.937500e+02,6.250000e+00,
680,3.062500e+02,3.375000e+02,0.000000e+00,
681,-1.875000e+01,2.875000e+02,3.437500e+02,
682,3.062500e+02,3.000000e+02,3.125000e+02,
683,2.875000e+02,3.187500e+02,3.312500e+02,
684,3.062500e+02,3.000000e+02,3.187500e+02,
685,2.875000e+02,3.187500e+02,3.312500e+02,
686,2.875000e+02,3.187500e+02,3.375000e+02,
687,3.187500e+02,-1.875000e+01,3.000000e+02,
688,3.062500e+02,-6.250000e+00,3.187500e+02,
689,2.875000e+02,3.187500e+02,3.312500e+02,
690,3.062500e+02,2.937500e+02,0.000000e+00,
691,-1.875000e+01,3.375000e+02,3.437500e+02,
692,2.875000e+02,3.000000e+02,3.125000e+02,
693,3.062500e+02,3.187500e+02,3.250000e+02,
694,3.062500e+02,3.000000e+02,3.312500e+02,
695,2.875000e+02,3.187500e+02,3.125000e+02,
696,3.062500e+02,3.000000e+02,3.125000e+02,
697,2.875000e+02,3.187500e+02,3.375000e+02,
698,3.125000e+02,-1.875000e+01,2.937500e+02,
699,2.875000e+02,3.187500e+02,3.375000e+02,
700,3.062500e+02,3.250000e+02,3.312500e+02,
701,-1.875000e+01,2.937500e+02,-6.250000e+00,
702,3.062500e+02,2.875000e+02,0.000000e+00,
703,2.875000e+02,3.375000e+02,3.375000e+02,
704,3.062500e+02,3.000000e+02,3.125000e+02,
705,2.875000e+02,3.187500e+02,3.312500e+02,
706,3.062500e+02,3.000000e+02,3.187500e+02,
707,2.875000e+02,3.187500e+02,3.312500e+02,
708,3.062500e+02,3.187500e+02,3.312500e+02,
709,2.875000e+02,-6.250000e+00,3.125000e+02,
710,3.062500e+02,3.250000e+02,3.312500e+02,
711,-1.875000e+01,2.875000e+02,-6.250000e+00,
712,-1.875000e+01,3.000000e+02,0.000000e+00,
713,3.062500e+02,3.187500e+02,3.250000e+02,
714,3.062500e+02,3.000000e+02,3.125000e+02,
715,2.875000e+02,3.187500e+02,3.250000e+02,
716,3.062500e+02,3.000000e+02,3.125000e+02,
717,2.875000e+02,3.187500e+02,3.312500e+02,
718,3.062500e+02,3.187500e+02,3.312500e+02,
719,2.875000e+02,-6.250000e+00,6.250000e+00,
720,3.062500e+02,-6.250000e+00,4.375000e+01,
721,-1.875000e+01,3.312500e+02,-6.250000e+00,
722,-1.875000e+01,2.937500e+02,0.000000e+00,
723,3.062500e+02,3.187500e+02,3.250000e+02,
724,2.875000e+02,3.000000e+02,3.062500e+02,
725,3.062500e+02,3.187500e+02,3.250000e+02,
726,2.875000e+02,3.000000e+02,3.125000e+02,
727,3.062500e+02,3.187500e+02,3.312500e+02,
728,3.062500e+02,3.250000e+02,3.312500e+02,
729,2.875000e+02,-6.250000e+00,-6.250000e+00,
730,3.062500e+02,-6.250000e+00,-6.250000e+00,
731,-1.875000e+01,3.312500e+02,3.750000e+01,
732,-1.875000e+01,2.937500e+02,1.250000e+01,
733,3.000000e+02,3.187500e+02,0.000000e+00,
734,2.875000e+02,3.125000e+02,0.000000e+00,
735,3.062500e+02,3.000000e+02,3.250000e+02,
736,2.875000e+02,3.000000e+02,3.125000e+02,
737,3.062500e+02,3.187500e+02,3.250000e+02,
738,2.875000e+02,3.250000e+02,3.312500e+02,
739,3.125000e+02,2.812500e+02,-6.250000e+00,
740,3.062500e+02,-6.250000e+00,-6.250000e+00,
741,-1.875000e+01,3.312500e+02,3.125000e+01,
742,0.000000e+00,2.937500e+02,0.000000e+00,
743,-2.500000e+01,3.125000e+02,1.250000e+01,
744,-2.500000e+01,3.125000e+02,0.000000e+00,
745,3.000000e+02,2.937500e+02,3.250000e+02,
746,2.875000e+02,2.937500e+02,3.125000e+02,
747,3.062500e+02,3.187500e+02,3.250000e+02,
748,2.875000e+02,3.187500e+02,3.250000e+02,
749,3.125000e+02,2.875000e+02,-6.250000e+00,
750,3.062500e+02,3.125000e+02,1.875000e+01,
751,-1.875000e+01,-6.250000e+00,0.000000e+00,
752,0.000000e+00,-6.250000e+00,-1.250000e+01,
753,-2.500000e+01,3.312500e+02,3.125000e+01,
754,-2.500000e+01,2.937500e+02,0.000000e+00,
755,3.000000e+02,3.125000e+02,3.187500e+02,
756,2.875000e+02,3.125000e+02,3.062500e+02,
757,3.000000e+02,2.937500e+02,3.250000e+02,
758,2.875000e+02,3.187500e+02,3.250000e+02,
759,3.125000e+02,2.875000e+02,-6.250000e+00,
760,3.000000e+02,3.125000e+02,1.875000e+01,
761,-1.875000e+01,-6.250000e+00,0.000000e+00,
762,0.000000e+00,-6.250000e+00,-1.250000e+01,
763,-2.500000e+01,3.312500e+02,2.500000e+01,
764,-2.500000e+01,2.937500e+02,-6.250000e+00,
765,3.000000e+02,3.125000e+02,3.187500e+02,
766,2.812500e+02,2.937500e+02,3.000000e+02,
767,3.000000e+02,3.125000e+02,3.187500e+02,
768,2.812500e+02,3.187500e+02,3.250000e+02,
769,3.062500e+02,2.875000e+02,-6.250000e+00,
770,3.000000e+02,3.125000e+02,1.250000e+01,
771,-2.500000e+01,-6.250000e+00,0.000000e+00,
772,0.000000e+00,-1.250000e+01,-1.250000e+01,
773,-2.500000e+01,3.250000e+02,2.500000e+01,
774,-2.500000e+01,2.875000e+02,1.250000e+01,
775,0.000000e+00,3.125000e+02,-6.250000e+00,
776,-2.500000e+01,2.937500e+02,-6.250000e+00,
777,3.000000e+02,3.125000e+02,3.187500e+02,
778,2.812500e+02,2.812500e+02,3.187500e+02,
779,3.062500e+02,3.187500e+02,-1.250000e+01,
780,3.000000e+02,3.125000e+02,1.250000e+01,
781,-1.875000e+01,-1.250000e+01,0.000000e+00,
782,-6.250000e+00,6.250000e+00,1.250000e+01,
783,-2.500000e+01,-1.250000e+01,-6.250000e+00,
784,-6.250000e+00,-6.250000e+00,2.500000e+01,
785,-2.500000e+01,3.250000e+02,-1.250000e+01,
786,-2.500000e+01,2.875000e+02,-6.250000e+00,
787,2.937500e+02,3.125000e+02,3.187500e+02,
788,2.812500e+02,2.812500e+02,3.187500e+02,
789,3.062500e+02,3.187500e+02,-1.250000e+01,
790,3.000000e+02,2.125000e+02,0.000000e+00,
791,-2.500000e+01,-1.250000e+01,1.250000e+01,
792,-6.250000e+00,6.250000e+00,1.250000e+01,
793,-2.500000e+01,-1.250000e+01,-6.250000e+00,
794,-6.250000e+00,-1.250000e+01,-1.250000e+01,
795,-2.500000e+01,3.250000e+02,2.500000e+01,
796,-2.500000e+01,2.875000e+02,-6.250000e+00,
797,3.000000e+02,3.125000e+02,3.187500e+02,
798,2.812500e+02,3.187500e+02,3.187500e+02,
799,3.062500e+02,-1.250000e+01,-1.250000e+01,
800,3.000000e+02,1.250000e+01,0.000000e+00,
801,-2.500000e+01,-1.250000e+01,1.250000e+01,
802,-6.250000e+00,6.250000e+00,1.250000e+01,
803,-2.500000e+01,-1.250000e+01,-6.250000e+00,
804,-3.125000e+01,-1.250000e+01,-1.250000e+01,
805,0.000000e+00,3.250000e+02,2.500000e+01,
806,-2.500000e+01,2.937500e+02,-6.250000e+00,
807,-6.250000e+00,3.125000e+02,1.250000e+01,
808,-2.500000e+01,3.187500e+02,3.187500e+02,
809,3.125000e+02,-1.250000e+01,-1.250000e+01,
810,3.000000e+02,6.250000e+00,0.000000e+00,
811,-2.500000e+01,-1.250000e+01,1.250000e+01,
812,-6.250000e+00,-1.250000e+01,1.250000e+01,
813,-2.500000e+01,6.250000e+00,-6.250000e+00,
814,-3.125000e+01,-1.250000e+01,-1.250000e+01,
815,0.000000e+00,3.312500e+02,2.500000e+01,
816,-6.250000e+00,2.937500e+02,1.250000e+01,
817,-2.500000e+01,3.125000e+02,-6.250000e+00,
818,-2.500000e+01,3.125000e+02,3.250000e+02,
819,3.125000e+02,-1.875000e+01,-1.875000e+01,
820,3.000000e+02,6.250000e+00,1.250000e+01,
821,-2.500000e+01,-1.250000e+01,0.000000e+00,
822,-6.250000e+00,6.250000e+00,1.250000e+01,
823,-2.500000e+01,-1.250000e+01,-6.250000e+00,
824,-6.250000e+00,-1.250000e+01,1.250000e+01,
825,-2.500000e+01,6.250000e+00,-6.250000e+00,
826,-6.250000e+00,-1.250000e+01,-1.250000e+01,
827,-3.125000e+01,3.312500e+02,3.125000e+01,
828,-2.500000e+01,3.125000e+02,-1.875000e+01,
829,3.000000e+02,-1.875000e+01,3.250000e+02,
830,3.000000e+02,1.250000e+01,3.250000e+02,
831,-2.500000e+01,-2.500000e+01,-1.250000e+01,
832,-6.250000e+00,-1.250000e+01,0.000000e+00,
833,-2.500000e+01,6.250000e+00,1.250000e+01,
834,-6.250000e+00,-1.250000e+01,1.250000e+01,
835,-2.500000e+01,6.250000e+00,-6.250000e+00,
836,-6.250000e+00,-1.250000e+01,-1.250000e+01,
837,-3.125000e+01,3.312500e+02,3.125000e+01,
838,-6.250000e+00,3.125000e+02,1.250000e+01,
839,-2.500000e+01,-1.250000e+01,-6.250000e+00,
840,-2.500000e+01,-2.500000e+01,-1.875000e+01,
841,3.000000e+02,1.875000e+01,3.250000e+02,
842,-2.500000e+01,-1.250000e+01,1.250000e+01,
843,-6.250000e+00,6.250000e+00,0.000000e+00,
844,-6.250000e+00,-1.250000e+01,0.000000e+00,
845,-2.500000e+01,6.250000e+00,1.250000e+01,
846,-6.250000e+00,-1.250000e+01,-1.250000e+01,
847,-3.125000e+01,3.312500e+02,3.750000e+01,
848,-6.250000e+00,3.125000e+02,1.250000e+01,
849,-2.500000e+01,-1.250000e+01,-6.250000e+00,
850,-2.500000e+01,-2.500000e+01,-1.875000e+01,
851,3.437500e+02,1.875000e+01,3.250000e+02,
852,-2.500000e+01,1.250000e+01,3.250000e+02,
853,0.000000e+00,-3.125000e+01,-1.250000e+01,
854,-6.250000e+00,-1.250000e+01,1.250000e+01,
855,-2.500000e+01,6.250000e+00,0.000000e+00,
856,-6.250000e+00,-1.250000e+01,0.000000e+00,
857,-2.500000e+01,6.250000e+00,1.250000e+01,
858,-6.250000e+00,-1.250000e+01,-1.250000e+01,
859,-3.125000e+01,3.312500e+02,3.125000e+01,
860,-2.500000e+01,-2.500000e+01,-1.875000e+01,
861,3.500000e+02,1.875000e+01,3.250000e+02,
862,-6.250000e+00,6.250000e+00,3.312500e+02,
863,-2.500000e+01,-3.125000e+01,-6.250000e+00,
864,-6.250000e+00,-1.250000e+01,1.875000e+01,
865,-2.500000e+01,6.250000e+00,0.000000e+00,
866,-6.250000e+00,-1.250000e+01,0.000000e+00,
867,-2.500000e+01,0.000000e+00,1.250000e+01,
868,-6.250000e+00,-1.250000e+01,0.000000e+00,
869,-2.500000e+01,3.125000e+02,1.250000e+01,
870,-2.500000e+01,-2.500000e+01,-1.250000e+01,
871,3.625000e+02,1.875000e+01,3.750000e+01,
872,3.000000e+02,-1.250000e+01,0.000000e+00,
873,-2.500000e+01,6.250000e+00,3.312500e+02,
874,-6.250000e+00,-1.250000e+01,3.312500e+02,
875,-2.500000e+01,6.250000e+00,6.250000e+00,
876,-6.250000e+00,-1.250000e+01,1.875000e+01,
877,-2.500000e+01,6.250000e+00,0.000000e+00,
878,-2.500000e+01,-1.250000e+01,0.000000e+00,
879,-6.250000e+00,3.125000e+02,1.250000e+01,
880,-2.500000e+01,3.125000e+02,-1.875000e+01,
881,0.000000e+00,-2.500000e+01,1.875000e+01,
882,-2.500000e+01,-2.500000e+01,-1.875000e+01,
883,3.500000e+02,1.875000e+01,3.250000e+02,
884,-6.250000e+00,-1.250000e+01,3.125000e+02,
885,-2.500000e+01,6.250000e+00,3.312500e+02,
886,-6.250000e+00,-1.250000e+01,3.312500e+02,
887,-2.500000e+01,6.250000e+00,6.250000e+00,
888,-6.250000e+00,-1.250000e+01,1.250000e+01,
889,-2.500000e+01,6.250000e+00,0.000000e+00,
890,-2.500000e+01,3.125000e+02,1.875000e+01,
891,0.000000e+00,-2.500000e+01,-1.875000e+01,
892,-2.500000e+01,-2.500000e+01,-1.875000e+01,
893,3.500000e+02,2.500000e+01,3.312500e+02,
894,3.062500e+02,-1.250000e+01,3.125000e+02,
895,-2.500000e+01,6.250000e+00,3.312500e+02,
896,-6.250000e+00,-1.250000e+01,3.312500e+02,
897,-2.500000e+01,6.250000e+00,6.250000e+00,
898,-2.500000e+01,-1.250000e+01,1.875000e+01,
899,-6.250000e+00,6.250000e+00,0.000000e+00,
900,-2.500000e+01,3.125000e+02,1.875000e+01,
901,0.000000e+00,-2.500000e+01,-1.875000e+01,
902,-2.500000e+01,-2.500000e+01,-1.875000e+01,
903,3.375000e+02,1.875000e+01,3.125000e+01,
904,2.750000e+02,-1.875000e+01,0.000000e+00,
905,3.062500e+02,2.500000e+01,3.375000e+02,
906,3.062500e+02,-1.250000e+01,3.125000e+02,
907,-1.875000e+01,6.250000e+00,3.312500e+02,
908,-6.250000e+00,-1.250000e+01,3.312500e+02,
909,-2.500000e+01,6.250000e+00,6.250000e+00,
910,-6.250000e+00,-1.250000e+01,1.875000e+01,
911,-2.500000e+01,3.125000e+02,0.000000e+00,
912,-2.500000e+01,3.125000e+02,1.875000e+01,
913,0.000000e+00,-2.500000e+01,-1.875000e+01,
914,-2.500000e+01,-2.500000e+01,-1.875000e+01,
915,3.000000e+02,2.500000e+01,3.375000e+02,
916,3.062500e+02,-1.250000e+01,3.125000e+02,
917,-1.875000e+01,6.250000e+00,3.312500e+02,
918,-1.875000e+01,6.250000e+00,3.312500e+02,
919,0.000000e+00,-1.250000e+01,6.250000e+00,
920,-2.500000e+01,-1.250000e+01,2.500000e+01,
921,0.000000e+00,3.125000e+02,0.000000e+00,
922,-6.250000e+00,2.875000e+02,1.250000e+01,
923,-2.500000e+01,3.125000e+02,0.000000e+00,
924,-2.500000e+01,3.125000e+02,-1.875000e+01,
925,3.062500e+02,-2.500000e+01,3.437500e+02,
926,2.875000e+02,6.250000e+00,3.125000e+02,
927,3.062500e+02,-1.250000e+01,3.312500e+02,
928,3.062500e+02,-1.250000e+01,3.312500e+02,
929,-1.875000e+01,6.250000e+00,3.125000e+02,
930,0.000000e+00,-1.250000e+01,3.312500e+02,
931,-2.500000e+01,6.250000e+00,6.250000e+00,
932,-2.500000e+01,-1.250000e+01,1.875000e+01,
933,0.000000e+00,3.125000e+02,0.000000e+00,
934,-2.500000e+01,3.125000e+02,-1.875000e+01,
935,3.000000e+02,-1.875000e+01,3.437500e+02,
936,2.875000e+02,6.250000e+00,3.250000e+02,
937,3.000000e+02,-1.250000e+01,3.062500e+02,
938,2.875000e+02,6.250000e+00,3.125000e+02,
939,3.062500e+02,-1.250000e+01,3.312500e+02,
940,3.062500e+02,-1.250000e+01,3.312500e+02,
941,-1.875000e+01,6.250000e+00,3.125000e+02,
942,0.000000e+00,-1.250000e+01,3.312500e+02,
943,-2.500000e+01,3.125000e+02,6.250000e+00,
944,0.000000e+00,2.875000e+02,1.875000e+01,
945,-2.500000e+01,3.125000e+02,0.000000e+00,
946,-2.500000e+01,3.312500e+02,0.000000e+00,
947,3.062500e+02,-1.875000e+01,3.375000e+02,
948,3.000000e+02,6.250000e+00,3.125000e+02,
949,2.875000e+02,-1.250000e+01,3.250000e+02,
950,3.062500e+02,-1.250000e+01,3.125000e+02,
951,-1.875000e+01,6.250000e+00,3.312500e+02,
952,0.000000e+00,-1.250000e+01,3.312500e+02,
953,-2.500000e+01,3.125000e+02,3.125000e+02,
954,-6.250000e+00,2.875000e+02,3.312500e+02,
955,-2.500000e+01,3.125000e+02,6.250000e+00,
956,-2.500000e+01,2.875000e+02,0.000000e+00,
957,3.000000e+02,3.312500e+02,3.375000e+02,
958,2.875000e+02,3.125000e+02,2.937500e+02,
959,3.125000e+02,-1.875000e+01,3.312500e+02,
960,3.000000e+02,6.250000e+00,3.125000e+02,
961,2.875000e+02,-1.250000e+01,3.312500e+02,
962,3.000000e+02,-1.250000e+01,3.250000e+02,
963,-1.875000e+01,6.250000e+00,3.125000e+02,
964,0.000000e+00,-1.250000e+01,3.312500e+02,
965,-2.500000e+01,3.125000e+02,6.250000e+00,
966,-2.500000e+01,2.875000e+02,6.250000e+00,
967,3.000000e+02,3.312500e+02,3.437500e+02,
968,2.812500e+02,3.125000e+02,3.312500e+02,
969,3.125000e+02,-1.875000e+01,2.937500e+02,
970,2.875000e+02,1.250000e+01,3.250000e+02,
971,3.000000e+02,-6.250000e+00,3.125000e+02,
972,3.000000e+02,6.250000e+00,3.250000e+02,
973,2.875000e+02,-1.250000e+01,3.125000e+02,
974,3.000000e+02,-1.250000e+01,3.125000e+02,
975,-1.875000e+01,3.125000e+02,3.250000e+02,
976,-1.875000e+01,2.875000e+02,3.250000e+02,
977,3.000000e+02,3.125000e+02,6.250000e+00,
978,3.000000e+02,2.875000e+02,6.250000e+00,
979,2.750000e+02,3.250000e+02,3.437500e+02,
980,2.812500e+02,3.125000e+02,2.937500e+02,
981,3.062500e+02,-1.875000e+01,3.312500e+02,
982,3.000000e+02,6.250000e+00,3.125000e+02,
983,2.875000e+02,-1.250000e+01,3.250000e+02,
984,3.000000e+02,-1.250000e+01,3.250000e+02,
985,-1.875000e+01,3.125000e+02,3.125000e+02,
986,0.000000e+00,2.875000e+02,3.250000e+02,
987,-1.875000e+01,3.125000e+02,6.250000e+00,
988,-1.875000e+01,3.312500e+02,6.250000e+00,
989,3.000000e+02,2.812500e+02,3.437500e+02,
990,2.875000e+02,3.125000e+02,3.312500e+02,
991,3.062500e+02,-1.875000e+01,3.000000e+02,
992,3.000000e+02,-6.250000e+00,3.125000e+02,
993,2.875000e+02,1.250000e+01,3.312500e+02,
994,2.875000e+02,6.250000e+00,3.125000e+02,
995,3.062500e+02,-1.250000e+01,3.312500e+02,
996,3.062500e+02,-1.250000e+01,3.125000e+02,
997,-1.875000e+01,3.125000e+02,3.312500e+02,
998,-1.875000e+01,3.312500e+02,6.250000e+00,
999,3.062500e+02,2.875000e+02,3.437500e+02,
1000,2.875000e+02,2.937500e+02,3.125000e+02,
1001,3.062500e+02,3.187500e+02,3.312500e+02,
1002,3.125000e+02,3.187500e+02,3.000000e+02,
1003,2.875000e+02,-1.875000e+01,3.375000e+02,
1004,2.937500e+02,1.250000e+01,3.187500e+02,
1005,3.062500e+02,-6.250000e+00,3.312500e+02,
1006,3.062500e+02,-1.250000e+01,3.312500e+02,
1007,2.937500e+02,3.125000e+02,3.187500e+02,
1008,3.062500e+02,3.187500e+02,3.375000e+02,
1009,-1.875000e+01,2.937500e+02,6.250000e+00,
1010,3.062500e+02,3.312500e+02,6.250000e+00,
1011,2.750000e+02,2.875000e+02,3.500000e+02,
1012,2.937500e+02,3.187500e+02,3.312500e+02,
1013,3.125000e+02,3.000000e+02,3.187500e+02,
1014,2.937500e+02,3.187500e+02,3.062500e+02,
1015,3.187500e+02,-1.875000e+01,3.437500e+02,
1016,2.937500e+02,-6.250000e+00,3.187500e+02,
1017,3.125000e+02,3.187500e+02,3.375000e+02,
1018,3.125000e+02,3.250000e+02,3.437500e+02,
1019,-1.875000e+01,2.937500e+02,6.250000e+00,
1020,-1.875000e+01,3.375000e+02,6.250000e+00,
1021,3.125000e+02,2.937500e+02,3.500000e+02,
1022,2.937500e+02,3.187500e+02,3.187500e+02,
1023,3.125000e+02,3.000000e+02,3.375000e+02,
1024,2.937500e+02,3.187500e+02,3.187500e+02,
1025,3.125000e+02,3.000000e+02,3.375000e+02,
1026,2.937500e+02,3.187500e+02,3.062500e+02,
1027,3.187500e+02,-1.875000e+01,3.437500e+02,
1028,2.937500e+02,-6.250000e+00,3.187500e+02,
1029,3.125000e+02,3.187500e+02,3.375000e+02,
1030,3.125000e+02,2.937500e+02,0.000000e+00,
1031,-1.875000e+01,3.375000e+02,3.500000e+02,
1032,2.937500e+02,3.187500e+02,3.187500e+02,
1033,3.125000e+02,3.000000e+02,3.312500e+02,
1034,2.937500e+02,3.187500e+02,3.187500e+02,
1035,3.125000e+02,3.000000e+02,3.312500e+02,
1036,2.937500e+02,3.187500e+02,3.062500e+02,
1037,3.187500e+02,-1.875000e+01,3.437500e+02,
1038,2.937500e+02,-6.250000e+00,3.187500e+02,
1039,3.125000e+02,3.187500e+02,3.375000e+02,
1040,3.125000e+02,3.250000e+02,3.375000e+02,
1041,-1.875000e+01,2.937500e+02,-6.250000e+00,
1042,2.750000e+02,2.937500e+02,0.000000e+00,
1043,3.125000e+02,3.375000e+02,3.500000e+02,
1044,2.937500e+02,3.187500e+02,3.187500e+02,
1045,3.125000e+02,3.000000e+02,3.312500e+02,
1046,2.937500e+02,3.187500e+02,3.187500e+02,
1047,3.125000e+02,3.000000e+02,3.375000e+02,
1048,2.937500e+02,3.187500e+02,3.000000e+02,
1049,3.125000e+02,-1.875000e+01,3.437500e+02,
1050,3.125000e+02,3.250000e+02,3.312500e+02,
1051,-1.875000e+01,2.937500e+02,-6.250000e+00,
1052,-1.875000e+01,2.937500e+02,0.000000e+00,
1053,3.125000e+02,3.375000e+02,3.437500e+02,
1054,2.937500e+02,3.187500e+02,3.187500e+02,
1055,3.125000e+02,3.000000e+02,3.312500e+02,
1056,2.937500e+02,3.250000e+02,3.187500e+02,
1057,3.125000e+02,3.000000e+02,3.375000e+02,
1058,2.937500e+02,3.187500e+02,3.187500e+02,
1059,3.125000e+02,-6.250000e+00,3.375000e+02,
1060,2.937500e+02,1.375000e+02,3.375000e+02,
1061,3.125000e+02,3.187500e+02,6.250000e+00,
1062,3.125000e+02,3.250000e+02,-6.250000e+00,
1063,-1.875000e+01,2.937500e+02,3.250000e+02,
1064,2.937500e+02,3.187500e+02,3.125000e+02,
1065,3.125000e+02,3.000000e+02,3.312500e+02,
1066,2.937500e+02,3.187500e+02,3.187500e+02,
1067,3.125000e+02,3.000000e+02,3.312500e+02,
1068,2.937500e+02,3.187500e+02,3.187500e+02,
1069,3.125000e+02,-6.250000e+00,3.375000e+02,
1070,3.125000e+02,-6.250000e+00,3.312500e+02,
1071,2.875000e+02,3.375000e+02,0.000000e+00,
1072,3.125000e+02,3.250000e+02,-6.250000e+00,
1073,-1.875000e+01,2.937500e+02,3.250000e+02,
1074,3.062500e+02,3.000000e+02,3.125000e+02,
1075,2.937500e+02,3.187500e+02,3.312500e+02,
1076,2.937500e+02,3.187500e+02,3.187500e+02,
1077,3.125000e+02,3.000000e+02,3.312500e+02,
1078,2.937500e+02,3.187500e+02,3.187500e+02,
1079,3.125000e+02,3.000000e+02,3.312500e+02,
1080,3.187500e+02,-6.250000e+00,3.312500e+02,
1081,2.812500e+02,3.375000e+02,-6.250000e+00,
1082,3.062500e+02,3.250000e+02,2.500000e+01,
1083,-1.875000e+01,2.875000e+02,-1.250000e+01,
1084,-1.875000e+01,3.187500e+02,0.000000e+00,
1085,3.062500e+02,3.000000e+02,3.250000e+02,
1086,3.062500e+02,3.187500e+02,3.125000e+02,
1087,2.937500e+02,3.000000e+02,3.312500e+02,
1088,2.937500e+02,3.312500e+02,3.312500e+02,
1089,3.187500e+02,2.875000e+02,-6.250000e+00,
1090,3.062500e+02,-6.250000e+00,-1.250000e+01,
1091,2.875000e+02,3.375000e+02,3.125000e+01,
1092,3.062500e+02,3.187500e+02,1.250000e+01,
1093,-1.875000e+01,3.000000e+02,0.000000e+00,
1094,-2.500000e+01,3.187500e+02,0.000000e+00,
1095,3.062500e+02,3.000000e+02,3.250000e+02,
1096,3.062500e+02,3.187500e+02,3.125000e+02,
1097,2.875000e+02,3.000000e+02,3.312500e+02,
1098,2.937500e+02,3.250000e+02,3.312500e+02,
1099,3.187500e+02,2.875000e+02,-6.250000e+00,
1100,3.062500e+02,3.187500e+02,1.875000e+01,
1101,-1.875000e+01,-6.250000e+00,0.000000e+00,
1102,0.000000e+00,-1.250000e+01,-1.250000e+01,
1103,-2.500000e+01,3.375000e+02,3.125000e+01,
1104,-2.500000e+01,3.000000e+02,-6.250000e+00,
1105,3.000000e+02,3.187500e+02,3.250000e+02,
1106,2.875000e+02,3.000000e+02,3.062500e+02,
1107,3.062500e+02,3.187500e+02,3.250000e+02,
1108,2.875000e+02,3.250000e+02,3.312500e+02,
1109,3.187500e+02,2.875000e+02,-6.250000e+00,
1110,3.062500e+02,3.187500e+02,1.875000e+01,
1111,-1.875000e+01,-6.250000e+00,0.000000e+00,
1112,0.000000e+00,-1.250000e+01,-1.250000e+01,
1113,-3.125000e+01,3.312500e+02,3.125000e+01,
1114,-6.250000e+00,2.937500e+02,1.250000e+01,
1115,-2.500000e+01,3.125000e+02,-6.250000e+00,
1116,-1.875000e+01,3.125000e+02,0.000000e+00,
1117,3.062500e+02,2.937500e+02,3.250000e+02,
1118,2.875000e+02,3.250000e+02,3.250000e+02,
1119,3.125000e+02,2.875000e+02,-6.250000e+00,
1120,3.062500e+02,3.187500e+02,1.875000e+01,
1121,-1.875000e+01,-6.250000e+00,0.000000e+00,
1122,0.000000e+00,-1.250000e+01,-1.250000e+01,
1123,-3.125000e+01,3.312500e+02,2.500000e+01,
1124,-6.250000e+00,2.937500e+02,1.250000e+01,
1125,-2.500000e+01,3.125000e+02,-6.250000e+00,
1126,-2.500000e+01,2.937500e+02,-6.250000e+00,
1127,3.000000e+02,3.125000e+02,3.187500e+02,
1128,2.875000e+02,3.187500e+02,3.250000e+02,
1129,3.125000e+02,2.875000e+02,-1.250000e+01,
1130,3.000000e+02,3.125000e+02,1.875000e+01,
1131,-1.875000e+01,-1.250000e+01,0.000000e+00,
1132,-2.500000e+01,6.250000e+00,0.000000e+00,
1133,0.000000e+00,-1.250000e+01,1.250000e+01,
1134,-6.250000e+00,-1.250000e+01,-1.250000e+01,
1135,-3.125000e+01,3.312500e+02,2.500000e+01,
1136,-2.500000e+01,2.937500e+02,-6.250000e+00,
1137,3.000000e+02,3.125000e+02,3.187500e+02,
1138,2.812500e+02,3.187500e+02,3.187500e+02,
1139,3.062500e+02,2.875000e+02,-1.250000e+01,
1140,3.000000e+02,3.125000e+02,1.250000e+01,
1141,-1.875000e+01,-1.250000e+01,0.000000e+00,
1142,-6.250000e+00,6.250000e+00,1.250000e+01,
1143,-2.500000e+01,-1.250000e+01,-6.250000e+00,
1144,-6.250000e+00,-1.250000e+01,2.500000e+01,
1145,-3.125000e+01,3.312500e+02,-1.250000e+01,
1146,-2.500000e+01,2.875000e+02,-6.250000e+00,
1147,3.000000e+02,3.125000e+02,1.250000e+01,
1148,2.812500e+02,2.875000e+02,3.187500e+02,
1149,3.062500e+02,3.187500e+02,-1.250000e+01,
1150,3.000000e+02,3.125000e+02,1.250000e+01,
1151,-2.500000e+01,-1.250000e+01,0.000000e+00,
1152,-6.250000e+00,6.250000e+00,1.250000e+01,
1153,-2.500000e+01,-1.250000e+01,-6.250000e+00,
1154,-6.250000e+00,-1.250000e+01,-1.250000e+01,
1155,-3.125000e+01,3.250000e+02,2.500000e+01,
1156,-6.250000e+00,2.875000e+02,1.250000e+01,
1157,-2.500000e+01,3.062500e+02,-6.250000e+00,
1158,-2.500000e+01,3.125000e+02,3.187500e+02,
1159,3.000000e+02,-1.250000e+01,-1.250000e+01,
1160,3.000000e+02,1.250000e+01,1.250000e+01,
1161,-2.500000e+01,-1.250000e+01,0.000000e+00,
1162,-6.250000e+00,-1.250000e+01,1.250000e+01,
1163,-2.500000e+01,6.250000e+00,0.000000e+00,
1164,-6.250000e+00,-1.250000e+01,1.250000e+01,
1165,-2.500000e+01,6.250000e+00,-6.250000e+00,
1166,-3.125000e+01,-1.250000e+01,-1.250000e+01,
1167,0.000000e+00,3.250000e+02,3.125000e+01,
1168,-2.500000e+01,3.062500e+02,-6.250000e+00,
1169,2.937500e+02,-1.250000e+01,3.187500e+02,
1170,3.062500e+02,1.250000e+01,3.187500e+02,
1171,-2.500000e+01,-1.875000e+01,-1.250000e+01,
1172,-2.500000e+01,-1.250000e+01,0.000000e+00,
1173,-6.250000e+00,6.250000e+00,1.250000e+01,
1174,-6.250000e+00,6.250000e+00,1.250000e+01,
1175,-2.500000e+01,-1.250000e+01,-6.250000e+00,
1176,-6.250000e+00,-1.250000e+01,2.500000e+01,
1177,-3.125000e+01,3.187500e+02,-1.250000e+01,
1178,-2.500000e+01,3.062500e+02,-1.250000e+01,
1179,3.000000e+02,-1.875000e+01,3.125000e+01,
1180,2.937500e+02,1.250000e+01,3.187500e+02,
1181,-2.500000e+01,-1.875000e+01,-1.875000e+01,
1182,-2.500000e+01,-1.250000e+01,0.000000e+00,
1183,-6.250000e+00,6.250000e+00,1.250000e+01,
1184,-6.250000e+00,-1.250000e+01,1.250000e+01,
1185,-2.500000e+01,6.250000e+00,-6.250000e+00,
1186,-6.250000e+00,-1.250000e+01,-1.250000e+01,
1187,-3.125000e+01,3.187500e+02,2.500000e+01,
1188,-6.250000e+00,3.062500e+02,1.250000e+01,
1189,-2.500000e+01,-1.250000e+01,-6.250000e+00,
1190,-2.500000e+01,-2.500000e+01,-1.875000e+01,
1191,3.062500e+02,1.875000e+01,3.187500e+02,
1192,-6.250000e+00,-1.250000e+01,1.250000e+01,
1193,-2.500000e+01,6.250000e+00,0.000000e+00,
1194,-2.500000e+01,6.250000e+00,0.000000e+00,
1195,-6.250000e+00,-1.875000e+01,1.250000e+01,
1196,-2.500000e+01,-1.250000e+01,0.000000e+00,
1197,-6.250000e+00,0.000000e+00,1.250000e+01,
1198,-6.250000e+00,-1.250000e+01,-1.250000e+01,
1199,-3.125000e+01,3.187500e+02,3.125000e+01,
1200,-2.500000e+01,-2.500000e+01,-1.250000e+01,
1201,3.437500e+02,1.875000e+01,3.250000e+02,
1202,-2.500000e+01,1.250000e+01,3.250000e+02,
1203,-6.250000e+00,-3.125000e+01,-1.875000e+01,
1204,-2.500000e+01,-1.250000e+01,1.250000e+01,
1205,-6.250000e+00,6.250000e+00,0.000000e+00,
1206,-2.500000e+01,-1.250000e+01,1.250000e+01,
1207,-6.250000e+00,6.250000e+00,-6.250000e+00,
1208,-6.250000e+00,-1.250000e+01,-1.250000e+01,
1209,-3.125000e+01,3.312500e+02,3.125000e+01,
1210,-2.500000e+01,-2.500000e+01,-1.250000e+01,
1211,3.562500e+02,1.875000e+01,3.250000e+02,
1212,3.000000e+02,-1.250000e+01,3.125000e+02,
1213,-2.500000e+01,6.250000e+00,3.312500e+02,
1214,-6.250000e+00,-3.125000e+01,3.312500e+02,
1215,-2.500000e+01,1.250000e+01,-1.250000e+01,
1216,-6.250000e+00,-1.250000e+01,1.250000e+01,
1217,-2.500000e+01,6.250000e+00,0.000000e+00,
1218,-6.250000e+00,-1.250000e+01,0.000000e+00,
1219,-2.500000e+01,3.125000e+02,1.250000e+01,
1220,-6.250000e+00,3.062500e+02,0.000000e+00,
1221,-2.500000e+01,-1.250000e+01,1.250000e+01,
1222,-2.500000e+01,-2.500000e+01,-1.875000e+01,
1223,3.562500e+02,1.875000e+01,3.312500e+02,
1224,-6.250000e+00,-1.250000e+01,3.312500e+02,
1225,-2.500000e+01,6.250000e+00,6.250000e+00,
1226,-6.250000e+00,0.000000e+00,1.875000e+01,
1227,-2.500000e+01,-1.250000e+01,0.000000e+00,
1228,-6.250000e+00,-1.250000e+01,0.000000e+00,
1229,-2.500000e+01,3.187500e+02,1.250000e+01,
1230,-2.500000e+01,3.125000e+02,1.875000e+01,
1231,0.000000e+00,-3.125000e+01,-1.875000e+01,
1232,-2.500000e+01,-2.500000e+01,-1.250000e+01,
1233,3.500000e+02,1.875000e+01,3.250000e+02,
1234,3.062500e+02,-1.250000e+01,3.125000e+02,
1235,-2.500000e+01,6.250000e+00,3.312500e+02,
1236,-6.250000e+00,-1.250000e+01,3.312500e+02,
1237,-2.500000e+01,6.250000e+00,6.250000e+00,
1238,-6.250000e+00,-1.250000e+01,1.875000e+01,
1239,-2.500000e+01,6.250000e+00,0.000000e+00,
1240,-2.500000e+01,3.125000e+02,-1.875000e+01,
1241,0.000000e+00,-2.500000e+01,1.875000e+01,
1242,-2.500000e+01,-2.500000e+01,-1.875000e+01,
1243,3.500000e+02,1.875000e+01,3.312500e+02,
1244,3.062500e+02,-1.250000e+01,3.125000e+02,
1245,-2.500000e+01,6.250000e+00,3.312500e+02,
1246,-2.500000e+01,-1.250000e+01,3.187500e+02,
1247,0.000000e+00,6.250000e+00,3.375000e+02,
1248,-6.250000e+00,-1.250000e+01,3.375000e+02,
1249,-2.500000e+01,6.250000e+00,6.250000e+00,
1250,-6.250000e+00,-1.250000e+01,1.250000e+01,
1251,-2.500000e+01,3.125000e+02,0.000000e+00,
1252,-2.500000e+01,3.125000e+02,-1.250000e+01,
1253,0.000000e+00,-2.500000e+01,1.875000e+01,
1254,-2.500000e+01,-2.500000e+01,-1.875000e+01,
1255,3.375000e+02,2.500000e+01,3.437500e+02,
1256,3.062500e+02,-1.250000e+01,3.187500e+02,
1257,-1.875000e+01,6.250000e+00,3.312500e+02,
1258,0.000000e+00,-1.250000e+01,3.375000e+02,
1259,-2.500000e+01,6.250000e+00,6.250000e+00,
1260,0.000000e+00,-1.250000e+01,1.875000e+01,
1261,-2.500000e+01,3.125000e+02,6.250000e+00,
1262,-2.500000e+01,3.125000e+02,1.875000e+01,
1263,0.000000e+00,-2.500000e+01,-1.250000e+01,
1264,-2.500000e+01,-2.500000e+01,-1.875000e+01,
1265,3.062500e+02,2.500000e+01,3.437500e+02,
1266,3.062500e+02,-1.250000e+01,3.125000e+02,
1267,2.875000e+02,6.250000e+00,3.312500e+02,
1268,3.062500e+02,-1.250000e+01,3.312500e+02,
1269,-1.875000e+01,6.250000e+00,3.187500e+02,
1270,0.000000e+00,-1.250000e+01,3.312500e+02,
1271,-2.500000e+01,6.250000e+00,6.250000e+00,
1272,-6.250000e+00,-1.250000e+01,1.875000e+01,
1273,-2.500000e+01,3.125000e+02,0.000000e+00,
1274,-2.500000e+01,3.187500e+02,-1.875000e+01,
1275,3.062500e+02,-2.500000e+01,3.437500e+02,
1276,2.875000e+02,6.250000e+00,3.125000e+02,
1277,3.062500e+02,-1.250000e+01,3.312500e+02,
1278,3.062500e+02,-1.250000e+01,3.312500e+02,
1279,-1.875000e+01,6.250000e+00,3.187500e+02,
1280,-1.875000e+01,-1.250000e+01,3.375000e+02,
1281,0.000000e+00,6.250000e+00,6.250000e+00,
1282,0.000000e+00,-1.250000e+01,1.875000e+01,
1283,-2.500000e+01,3.125000e+02,6.250000e+00,
1284,-2.500000e+01,3.187500e+02,1.875000e+01,
1285,4.375000e+01,-1.875000e+01,-1.875000e+01,
1286,4.375000e+01,-1.875000e+01,-6.250000e+00,
1287,3.062500e+02,2.500000e+01,3.437500e+02,
1288,3.062500e+02,6.250000e+00,3.125000e+02,
1289,2.875000e+02,-1.250000e+01,3.312500e+02,
1290,3.062500e+02,-1.250000e+01,3.312500e+02,
1291,-1.875000e+01,6.250000e+00,3.187500e+02,
1292,-1.875000e+01,-1.250000e+01,3.312500e+02,
1293,0.000000e+00,3.125000e+02,6.250000e+00,
1294,0.000000e+00,2.937500e+02,1.875000e+01,
1295,-2.500000e+01,3.125000e+02,0.000000e+00,
1296,-2.500000e+01,3.312500e+02,0.000000e+00,
1297,3.125000e+02,-1.875000e+01,3.375000e+02,
1298,3.062500e+02,6.250000e+00,3.125000e+02,
1299,2.875000e+02,-1.250000e+01,3.312500e+02,
1300,3.062500e+02,6.250000e+00,3.187500e+02,
1301,-1.875000e+01,-1.250000e+01,3.312500e+02,
1302,0.000000e+00,-1.250000e+01,3.312500e+02,
1303,-1.875000e+01,6.250000e+00,3.187500e+02,
1304,0.000000e+00,-1.250000e+01,3.312500e+02,
1305,-2.500000e+01,3.125000e+02,6.250000e+00,
1306,-2.500000e+01,2.875000e+02,0.000000e+00,
1307,3.062500e+02,3.312500e+02,3.375000e+02,
1308,2.875000e+02,3.187500e+02,3.000000e+02,
1309,3.125000e+02,-1.875000e+01,3.375000e+02,
1310,2.875000e+02,6.250000e+00,3.187500e+02,
1311,3.062500e+02,-1.250000e+01,3.312500e+02,
1312,3.062500e+02,6.250000e+00,3.312500e+02,
1313,-1.875000e+01,-1.250000e+01,3.187500e+02,
1314,0.000000e+00,-1.250000e+01,3.312500e+02,
1315,-1.875000e+01,3.125000e+02,3.187500e+02,
1316,-2.500000e+01,2.937500e+02,3.312500e+02,
1317,3.000000e+02,3.125000e+02,6.250000e+00,
1318,2.687500e+02,2.875000e+02,6.250000e+00,
1319,3.062500e+02,3.312500e+02,3.437500e+02,
1320,2.875000e+02,3.187500e+02,3.000000e+02,
1321,3.125000e+02,-1.875000e+01,3.375000e+02,
1322,3.062500e+02,6.250000e+00,3.187500e+02,
1323,2.875000e+02,-1.250000e+01,3.312500e+02,
1324,3.062500e+02,-1.250000e+01,3.187500e+02,
1325,-1.875000e+01,3.125000e+02,3.312500e+02,
1326,0.000000e+00,2.937500e+02,3.312500e+02,
1327,-2.500000e+01,3.125000e+02,6.250000e+00,
1328,-1.875000e+01,3.312500e+02,6.250000e+00,
1329,3.062500e+02,2.875000e+02,3.437500e+02,
1330,2.875000e+02,3.125000e+02,3.000000e+02,
1331,3.125000e+02,-1.875000e+01,3.375000e+02,
1332,2.875000e+02,6.250000e+00,3.187500e+02,
1333,3.062500e+02,-1.250000e+01,3.312500e+02,
1334,3.062500e+02,6.250000e+00,3.312500e+02,
1335,2.875000e+02,-1.250000e+01,3.125000e+02,
1336,3.062500e+02,-1.250000e+01,3.187500e+02,
1337,-1.875000e+01,3.125000e+02,3.312500e+02,
1338,-2.500000e+01,3.312500e+02,6.250000e+00,
1339,3.000000e+02,2.875000e+02,3.437500e+02,
1340,2.875000e+02,3.125000e+02,3.125000e+02,
1341,3.062500e+02,2.937500e+02,3.250000e+02,
1342,2.875000e+02,3.125000e+02,3.312500e+02,
1343,3.125000e+02,-1.875000e+01,3.000000e+02,
1344,2.875000e+02,6.250000e+00,3.312500e+02,
1345,3.062500e+02,-1.250000e+01,3.125000e+02,
1346,3.062500e+02,-1.250000e+01,3.375000e+02,
1347,-1.875000e+01,3.125000e+02,3.062500e+02,
1348,-1.875000e+01,2.937500e+02,3.312500e+02,
1349,3.000000e+02,3.125000e+02,6.250000e+00,
1350,2.687500e+02,2.875000e+02,6.250000e+00,
1351,3.062500e+02,3.312500e+02,3.437500e+02,
1352,2.875000e+02,3.125000e+02,3.000000e+02,
1353,3.062500e+02,-1.875000e+01,3.375000e+02,
1354,2.875000e+02,-6.250000e+00,3.125000e+02,
1355,3.062500e+02,1.250000e+01,3.312500e+02,
1356,2.875000e+02,-1.250000e+01,3.125000e+02,
1357,3.062500e+02,3.125000e+02,3.312500e+02,
1358,3.062500e+02,2.875000e+02,3.375000e+02,
1359,-1.875000e+01,3.187500e+02,6.250000e+00,
1360,-1.875000e+01,2.875000e+02,6.250000e+00,
1361,3.062500e+02,3.312500e+02,3.437500e+02,
1362,2.875000e+02,3.125000e+02,3.250000e+02,
1363,3.062500e+02,2.937500e+02,3.125000e+02,
1364,2.875000e+02,3.125000e+02,3.312500e+02,
1365,3.125000e+02,-1.875000e+01,3.000000e+02,
1366,2.875000e+02,-6.250000e+00,3.250000e+02,
1367,3.062500e+02,3.125000e+02,3.125000e+02,
1368,2.875000e+02,2.875000e+02,3.125000e+02,
1369,3.062500e+02,3.125000e+02,3.312500e+02,
1370,3.000000e+02,2.875000e+02,6.250000e+00,
1371,-1.875000e+01,3.312500e+02,3.437500e+02,
1372,3.000000e+02,3.125000e+02,3.125000e+02,
1373,2.875000e+02,2.937500e+02,3.250000e+02,
1374,2.875000e+02,3.125000e+02,3.125000e+02,
1375,3.000000e+02,2.937500e+02,3.250000e+02,
1376,2.875000e+02,3.125000e+02,3.000000e+02,
1377,3.062500e+02,-1.875000e+01,3.375000e+02,
1378,2.875000e+02,-6.250000e+00,3.250000e+02,
1379,3.000000e+02,3.125000e+02,3.125000e+02,
1380,3.000000e+02,3.187500e+02,3.250000e+02,
1381,-1.875000e+01,2.875000e+02,0.000000e+00,
1382,2.750000e+02,2.875000e+02,6.250000e+00,
1383,3.062500e+02,3.312500e+02,3.437500e+02,
1384,2.875000e+02,3.125000e+02,3.250000e+02,
1385,3.062500e+02,2.937500e+02,3.125000e+02,
1386,2.875000e+02,3.125000e+02,2.937500e+02,
1387,3.125000e+02,-1.875000e+01,3.375000e+02,
1388,2.875000e+02,-6.250000e+00,3.125000e+02,
1389,3.062500e+02,3.125000e+02,3.312500e+02,
1390,3.062500e+02,3.187500e+02,3.312500e+02,
1391,-1.875000e+01,2.875000e+02,0.000000e+00,
1392,-1.875000e+01,3.312500e+02,6.250000e+00,
1393,3.062500e+02,2.812500e+02,3.437500e+02,
1394,3.062500e+02,3.000000e+02,3.125000e+02,
1395,2.875000e+02,3.187500e+02,3.312500e+02,
1396,3.062500e+02,3.000000e+02,3.312500e+02,
1397,2.875000e+02,3.187500e+02,3.125000e+02,
1398,2.937500e+02,3.187500e+02,2.937500e+02,
1399,3.125000e+02,-1.875000e+01,3.375000e+02,
